401,501,19-DEC-2020,10401,CONNECTORS,10
402,502,19-DEC-2020,10402,CONNECTORS,10
403,503,19-DEC-2020,10403,CONNECTORS,10
404,504,19-DEC-2020,10404,CONNECTORS,10
405,505,19-DEC-2020,10405,CONNECTORS,10
406,506,19-DEC-2020,10406,CONNECTORS,10
407,507,19-DEC-2020,10407,CONNECTORS,10
408,508,19-DEC-2020,10408,CONNECTORS,10
409,509,19-DEC-2020,10409,CONNECTORS,10
410,510,19-DEC-2020,10410,CONNECTORS,10
411,511,19-DEC-2020,10411,CONNECTORS,10
412,512,19-DEC-2020,10412,CONNECTORS,10
413,513,19-DEC-2020,10413,CONNECTORS,10
414,514,19-DEC-2020,10414,CONNECTORS,10
415,515,19-DEC-2020,10415,CONNECTORS,10
416,516,19-DEC-2020,10416,CONNECTORS,10
417,517,19-DEC-2020,10417,CONNECTORS,10
418,518,19-DEC-2020,10418,CONNECTORS,10
419,519,19-DEC-2020,10419,CONNECTORS,10
420,520,19-DEC-2020,10420,CONNECTORS,10
421,521,19-DEC-2020,10421,CONNECTORS,10
422,522,19-DEC-2020,10422,CONNECTORS,10
423,523,19-DEC-2020,10423,CONNECTORS,10
424,524,19-DEC-2020,10424,CONNECTORS,10
425,525,19-DEC-2020,10425,CONNECTORS,10
426,526,19-DEC-2020,10426,CONNECTORS,10
427,527,19-DEC-2020,10427,CONNECTORS,10
428,528,19-DEC-2020,10428,CONNECTORS,10
429,529,19-DEC-2020,10429,CONNECTORS,10
430,530,19-DEC-2020,10430,CONNECTORS,10
431,531,19-DEC-2020,10431,CONNECTORS,10
432,532,19-DEC-2020,10432,CONNECTORS,10
433,533,19-DEC-2020,10433,CONNECTORS,10
434,534,19-DEC-2020,10434,CONNECTORS,10
435,535,19-DEC-2020,10435,CONNECTORS,10
436,536,19-DEC-2020,10436,CONNECTORS,10
437,537,19-DEC-2020,10437,CONNECTORS,10
438,538,19-DEC-2020,10438,CONNECTORS,10
439,539,19-DEC-2020,10439,CONNECTORS,10
440,540,19-DEC-2020,10440,CONNECTORS,10
441,541,19-DEC-2020,10441,CONNECTORS,10
442,542,19-DEC-2020,10442,CONNECTORS,10
443,543,19-DEC-2020,10443,CONNECTORS,10
444,544,19-DEC-2020,10444,CONNECTORS,10
445,545,19-DEC-2020,10445,CONNECTORS,10
446,546,19-DEC-2020,10446,CONNECTORS,10
447,547,19-DEC-2020,10447,CONNECTORS,10
448,548,19-DEC-2020,10448,CONNECTORS,10
449,549,19-DEC-2020,10449,CONNECTORS,10
450,550,19-DEC-2020,10450,CONNECTORS,10
